{
  "simulation": {
    "warmup_time": 1000000.0,
    "sample_time": 20000000.0,
    "replications": 250,
    "threads": 0,
    "seed": 123456789,
    "normalize_service_mean_to_one": true
  },
  "model": {
    "name": "M/H_2(4)/1+H_2(4) example",
    "alias": "mh2_41h2_4",
    "arrival": {
      "distribution": {
        "family": "exponential",
        "params": {
          "rate": 1.0
        }
      }
    },
    "service": {
      "distribution": {
        "family": "hyperexponential2",
        "params": {
          "p": 0.8872983346207416,
          "rate1": 1.7745966692414832,
          "rate2": 0.22540333075851682
        }
      }
    },
    "patience": {
      "distribution": {
        "family": "hyperexponential2",
        "params": {
          "p": 0.8872983346207416,
          "rate1": 1.7745966692414832,
          "rate2": 0.22540333075851682
        }
      }
    }
  }
}
